company,title,published_date
AAPL,Google needs 'big bang breakup' that would value its businesses at $3.7 trillion as AI threatens Search: Analyst,2025-05-13
AAPL,Perplexity AI valuation climbs to $14B in funding round: WSJ,2025-05-13
AAPL,"Samsung beats Apple to punch, launches ultrathin Galaxy S25 Edge months before the 'iPhone Air'",2025-05-13
AAPL,US–China deal is 'encouraging' but lacks significant clarity,2025-05-12
AAPL,Google Unveils Major Android Redesign Ahead of iPhone Overhaul,2025-05-13
AAPL,Is the Fed on the Right Track?,2025-05-13
AAPL,"Magnificent Seven Stocks: Amazon, Nvidia, Tesla Rally",2025-05-13
AAPL,"How NVDA, AAPL, and META Plan to Harness VR to Dominate the Future",2025-05-13
AAPL,"Analyst, Consultant Clash on Apple Inc. (AAPL) Stock",2025-05-13
AAPL,Apple's iPhone Price Hike Gamble: Will Consumers Pay Up Amid Tariff Turmoil?,2025-05-13
AAPL,Apple introduces new accessibility features including braille note taker,2025-05-13
AAPL,Why Apple (AAPL) International Revenue Trends Deserve Your Attention,2025-05-13
AAPL,These 4 Warren Buffett Stocks Make Up Over 57% of Berkshire Hathaway's $277 Billion Portfolio,2025-05-13
AAPL,Analyst Highlights ‘Distrubing and Dissappointing” Development for Apple (AAPL),2025-05-13
AAPL,Apple to Support Brain-Implant Control of Its Devices,2025-05-13
AAPL,Apple unveils powerful accessibility features coming later this year,2025-05-13
AAPL,Tap Mag-7 ETFs on Temporary US-China Trade Truce,2025-05-13
AAPL,Apple adds $180 billion to its market cap as Trump reveals he spoke to CEO Tim Cook after China tariffs rollback,2025-05-13
AAPL,"Tesla Stock vs. Apple Stock: The Best buy Right Now, According to Wall Street",2025-05-13
AAPL,"Nvidia Has Plenty of Runway, This Hedge Fund Legend Says. Why He’s Less Enthused About Apple and Google.",2025-05-13
IBM,Investing in IBM (IBM)? Don't Miss Assessing Its International Revenue Trends,2025-05-13
IBM,International Business Machines (IBM): AI and Hybrid Cloud Strategy Drives $290 Price Target,2025-05-12
IBM,Here's Why IBM (IBM) is a Strong Momentum Stock,2025-05-12
IBM,"Zacks Industry Outlook Highlights IBM, Advanced Micro Devices, Micron and IonQ",2025-05-12
IBM,International Business Machines Corporation (IBM) Is a Trending Stock: Facts to Know Before Betting on It,2025-05-12
TSLA,Car dealers shield buyers from tariff price hikes in April,2025-05-13
TSLA,A 'Magnificent' China reset reignites the tech trade,2025-05-13
TSLA,"Stock market today: Dow jumps 1,100 points, S&P 500 and Nasdaq surge after US-China tariff rollback triggers buying spree",2025-05-12
TSLA,"Mercedes-Benz CEO on Trump tariffs: No plans to introduce new earnings guidance, price hikes",2025-05-12
TSLA,"These Stocks Are Moving the Most Today: UnitedHealth, Nvidia, Tesla, First Solar, Coinbase, Super Micro, Boeing, Rigetti, and More",2025-05-13
TSLA,GM names Aurora co-founder Sterling Anderson as Chief Product Officer,2025-05-13
TSLA,Tesla Stock Gains as Elon Musk Goes to Saudi Arabia,2025-05-13
TSLA,Elon Musk Vows To Spend 'Less Time' In White House DOGE Office – Investors Warn 'The Damage Is Done' And Tesla's Troubles Are 'Far From Over',2025-05-13
TSLA,Charged: Tesla’s China-made EV sales down in April,2025-05-13
TSLA,"Positive Trade Developments, Robotaxis Have Helped Drive Tesla, Inc. (TSLA) Stock Higher, Former CEO Says",2025-05-13
TSLA,Is Tesla Stock A Buy Or A Sell As Investors Count Down To The June Robotaxi Launch?,2025-05-13
TSLA,"Tesla Faces U.S. Probe Over Robotaxi Safety, FSD System in Spotlight",2025-05-13
TSLA,Interpreting Tesla (TSLA) International Revenue Trends,2025-05-13
TSLA,"Just as Tesla reclaims $1 trillion market cap, worrying data out of China has investors asking questions",2025-05-13
TSLA,What Lessons Can Investors Learn From Cathie Wood's Ark Invest's Aggressive Investment Philosophy?,2025-05-13
TSLA,"SALT, Tips and Auto Loans: A Guide to the House GOP Tax Bill",2025-05-13
TSLA,Energy Transition Update - Surging Energy Storage Market: Investment Trends and Challenges,2025-05-13
TSLA,"Should You Buy Tesla Stock With $1,000 and Hold for 20 Years?",2025-05-13
MSFT,"Nvidia stock surges 5%, company rejoins $3 trillion club amid flurry of trade news",2025-05-13
MSFT,Microsoft laying off almost 3% of global workforce,2025-05-13
MSFT,Dow Jones Software Giant Microsoft Stock Hits New Buy Point After Big Earnings Move,2025-05-13
MSFT,C3.ai vs. UiPath: Which AI Automation Stock Is the Better Buy in 2025?,2025-05-13
MSFT,Microsoft is cutting 3% of its workforce with across-the-board layoffs,2025-05-13
MSFT,Microsoft Reportedly Cutting 3% of Global Workforce,2025-05-13
MSFT,Microsoft Corporation (MSFT) Reportedly Changing Its Deal With ChatGPT,2025-05-13
MSFT,"Microsoft to lay off 3% of workforce, report says",2025-05-13
MSFT,"AI startup Perplexity’s valuation surges to $14B in new funding round, WSJ says",2025-05-13
MSFT,Microsoft to lay off about 3% of its workforce,2025-05-13
MSFT,Microsoft to cut 3% of workforce amid restructuring effort - CNBC,2025-05-13
MSFT,"Microsoft to lay off 3% of workforce, CNBC reports",2025-05-13
MSFT,"The Zacks Analyst Blog Highlights Alphabet, Meta Platforms and Microsoft",2025-05-13
MSFT,"Bill Gates Announces Plan To Close The Gates Foundation, Says He'll Give Away 'Virtually All' Of His Wealth Over The Next 20 Years",2025-05-13
MSFT,These 2 Computer and Technology Stocks Could Beat Earnings: Why They Should Be on Your Radar,2025-05-13
MSFT,OpenAI and Microsoft renegotiate partnership for IPO and funding,2025-05-13
MSFT,Bull Of The Day: Microsoft (MSFT),2025-05-13
NVDA,AI chips will likely find their way to China despite export controls,2025-05-13
NVDA,"Trump, Nvidia CEO, & Elon Musk meet with Saudi officials",2025-05-13
NVDA,Nvidia Stock Retakes Key Level On Saudi AI Deal,2025-05-13
NVDA,Trump’s Middle East trip a boon for NVIDIA,2025-05-13
NVDA,"The Zacks Analyst Blog Highlights Cisco Systems, NVIDIA and ServiceNow",2025-05-13
NVDA,"Nvidia Breaks $3T Market Cap, Overtakes Apple. Saudi Arabia Is Buying AI Chips.",2025-05-13
NVDA,Why Nvidia Stock Surged Higher Again Today,2025-05-13
NVDA,Two Key Developments Sparked a Rally for Nvidia Stock on Tuesday,2025-05-13
NVDA,"US weighs letting UAE buy over a million advanced Nvidia chips, Bloomberg News reports",2025-05-13
NVDA,"Top Stock Movers Now: Nvidia, UnitedHealth Group, Honda, and More",2025-05-13
NVDA,"Nvidia to send 18,000 AI chips to Saudi Arabia",2025-05-13
NVDA,Bullish AMD Analyst Eyes $200 Price Target After Blowout Q1 Earnings,2025-05-13
NVDA,Nvidia Eyes $9B AI Deal in Middle East as Trump Visit Spurs Talks,2025-05-13
NVDA,U.S. tech firms secure AI deals as Trump tours Gulf states,2025-05-13
NVDA,HUMAIN and NVIDIA Announce Strategic Partnership to Build AI Factories of the Future in Saudi Arabia,2025-05-13
NVDA,US to Boost Saudi AI Chip Access Even as China Issues Linger,2025-05-13
